"source","report","date range","dimension","item","clicks","impressions","CTR","average position","users","sessions","engagement metric","indexing status","AdSense status","interpretation","confidence","resulting decision"
"Search Console","Search results","2025-11-26 to 2026-07-14","Property","freeaipromptmaker.com","1940","970118","0.2%","6.8","","","","","","Meaningful visibility with exceptionally low aggregate CTR; do not make bulk title or URL changes without page/query evidence.","high","Preserve equity and improve established URLs"
"Search Console","Search results","2026-04-15 to 2026-07-14","Property","freeaipromptmaker.com","1554","487332","0.3%","7.4","","","","","","Most long-range clicks occurred recently; traffic is growing despite weak aggregate CTR.","high","Avoid broad removals"
"Search Console","Search results","2025-11-26 to 2026-07-14","Page","https://freeaipromptmaker.com/blog/2025-11-29-stable-diffusion-negative-prompts-guide","796","437580","0,2%","6,2","","","","","","Per-page organic baseline joined to the URL inventory.","high","Preserve and improve unless a documented same-intent merge is stronger"
"Search Console","Search results","2025-11-26 to 2026-07-14","Page","https://freeaipromptmaker.com/blog/2025-11-30-ai-art-styles-guide","139","19379","0,7%","14,5","","","","","","Per-page organic baseline joined to the URL inventory.","high","Preserve and improve unless a documented same-intent merge is stronger"
"Search Console","Search results","2025-11-26 to 2026-07-14","Page","https://freeaipromptmaker.com/blog/2026-01-04-stable-diffusion-regional-prompting-guide","122","38089","0,3%","6,2","","","","","","Per-page organic baseline joined to the URL inventory.","high","Preserve and improve unless a documented same-intent merge is stronger"
"Search Console","Search results","2025-11-26 to 2026-07-14","Page","https://freeaipromptmaker.com/blog/2026-02-16-master-ai-art-lenses-prompts-guide","115","9187","1,3%","7,8","","","","","","Per-page organic baseline joined to the URL inventory.","high","Preserve and improve unless a documented same-intent merge is stronger"
"Search Console","Search results","2025-11-26 to 2026-07-14","Page","https://freeaipromptmaker.com/blog/2026-02-24-master-ai-art-weather-time-prompts","107","5829","1,8%","6,4","","","","","","Per-page organic baseline joined to the URL inventory.","high","Preserve and improve unless a documented same-intent merge is stronger"
"Search Console","Search results","2025-11-26 to 2026-07-14","Page","https://freeaipromptmaker.com/blog/2026-01-25-stable-diffusion-wildcards-guide","81","23038","0,4%","7,1","","","","","","Per-page organic baseline joined to the URL inventory.","high","Preserve and improve unless a documented same-intent merge is stronger"
"Search Console","Search results","2025-11-26 to 2026-07-14","Page","https://freeaipromptmaker.com/","67","11026","0,6%","8,9","","","","","","Per-page organic baseline joined to the URL inventory.","high","Preserve and improve unless a documented same-intent merge is stronger"
"Search Console","Search results","2025-11-26 to 2026-07-14","Page","https://freeaipromptmaker.com/blog/2026-02-23-master-ai-art-emotion-prompts","53","6218","0,9%","6,5","","","","","","Per-page organic baseline joined to the URL inventory.","high","Preserve and improve unless a documented same-intent merge is stronger"
"Search Console","Search results","2025-11-26 to 2026-07-14","Page","https://freeaipromptmaker.com/blog/2026-05-17-master-sdxl-prompting-guide","52","5482","0,9%","7,9","","","","","","Per-page organic baseline joined to the URL inventory.","high","Preserve and improve unless a documented same-intent merge is stronger"
"Search Console","Search results","2025-11-26 to 2026-07-14","Page","https://freeaipromptmaker.com/blog/2026-02-13-best-stable-diffusion-extensions","45","17283","0,3%","6,8","","","","","","Per-page organic baseline joined to the URL inventory.","high","Preserve and improve unless a documented same-intent merge is stronger"
"Search Console","Search results","2025-11-26 to 2026-07-14","Page","https://freeaipromptmaker.com/blog/2025-11-27-midjourney-v6-complete-prompt-guide","42","133750","0%","7,1","","","","","","Per-page organic baseline joined to the URL inventory.","high","Preserve and improve unless a documented same-intent merge is stronger"
"Search Console","Search results","2025-11-26 to 2026-07-14","Page","https://freeaipromptmaker.com/blog/2026-02-22-master-leonardo-ai-negative-prompts","36","47414","0,1%","6,2","","","","","","Per-page organic baseline joined to the URL inventory.","high","Preserve and improve unless a documented same-intent merge is stronger"
"Search Console","Search results","2025-11-26 to 2026-07-14","Page","https://freeaipromptmaker.com/prompt-generator-for/youtube-thumbnails","32","923","3,5%","7,9","","","","","","Per-page organic baseline joined to the URL inventory.","high","Preserve and improve unless a documented same-intent merge is stronger"
"Search Console","Search results","2025-11-26 to 2026-07-14","Page","https://freeaipromptmaker.com/blog/2026-02-09-master-leonardo-ai-models","28","33592","0,1%","7,2","","","","","","Per-page organic baseline joined to the URL inventory.","high","Preserve and improve unless a documented same-intent merge is stronger"
"Search Console","Search results","2025-11-26 to 2026-07-14","Page","https://freeaipromptmaker.com/blog/2025-11-28-dall-e-3-photorealism-prompt-guide","23","15783","0,1%","5,5","","","","","","Per-page organic baseline joined to the URL inventory.","high","Preserve and improve unless a documented same-intent merge is stronger"
"Search Console","Search results","2025-11-26 to 2026-07-14","Page","https://freeaipromptmaker.com/blog/2026-02-03-master-surreal-ai-art-prompts","22","4485","0,5%","6,7","","","","","","Per-page organic baseline joined to the URL inventory.","high","Preserve and improve unless a documented same-intent merge is stronger"
"Search Console","Search results","2025-11-26 to 2026-07-14","Page","https://freeaipromptmaker.com/blog/2026-01-06-master-consistent-characters-leonardo-ai","17","38656","0%","7,7","","","","","","Per-page organic baseline joined to the URL inventory.","high","Preserve and improve unless a documented same-intent merge is stronger"
"Search Console","Search results","2025-11-26 to 2026-07-14","Page","https://freeaipromptmaker.com/blog/2025-12-25-ai-prompt-weighting-guide","10","6646","0,2%","8,8","","","","","","Per-page organic baseline joined to the URL inventory.","high","Preserve and improve unless a documented same-intent merge is stronger"
"Search Console","Search results","2025-11-26 to 2026-07-14","Page","https://freeaipromptmaker.com/blog/2025-11-27-stable-diffusion-negative-prompts-guide","9","40188","0%","6,5","","","","","","Per-page organic baseline joined to the URL inventory.","high","Preserve and improve unless a documented same-intent merge is stronger"
"Search Console","Search results","2025-11-26 to 2026-07-14","Page","https://freeaipromptmaker.com/image-to-prompt","9","354","2,5%","24,6","","","","","","Per-page organic baseline joined to the URL inventory.","high","Preserve and improve unless a documented same-intent merge is stronger"
"Search Console","Search results","2025-11-26 to 2026-07-14","Page","https://freeaipromptmaker.com/blog/2026-05-01-master-ink-sketch-ai-art-prompts-pen-ink","8","251","3,2%","7,1","","","","","","Per-page organic baseline joined to the URL inventory.","high","Preserve and improve unless a documented same-intent merge is stronger"
"Search Console","Search results","2025-11-26 to 2026-07-14","Page","https://freeaipromptmaker.com/blog/2026-02-21-dalle-3-negative-prompts-guide","7","34778","0%","6,7","","","","","","Per-page organic baseline joined to the URL inventory.","high","Preserve and improve unless a documented same-intent merge is stronger"
"Search Console","Search results","2025-11-26 to 2026-07-14","Page","https://freeaipromptmaker.com/prompt-generator-for/anime","7","246","2,8%","11,6","","","","","","Per-page organic baseline joined to the URL inventory.","high","Preserve and improve unless a documented same-intent merge is stronger"
"Search Console","Search results","2025-11-26 to 2026-07-14","Page","https://freeaipromptmaker.com/blog/2026-05-21-ai-prompt-templates-reusable-blueprints","6","588","1%","9","","","","","","Per-page organic baseline joined to the URL inventory.","high","Preserve and improve unless a documented same-intent merge is stronger"
"Search Console","Search results","2025-11-26 to 2026-07-14","Page","https://freeaipromptmaker.com/blog/2026-06-15-master-ukiyo-e-ai-art-prompts-styles","6","406","1,5%","8","","","","","","Per-page organic baseline joined to the URL inventory.","high","Preserve and improve unless a documented same-intent merge is stronger"
"Search Console","Search results","2025-11-26 to 2026-07-14","Page","https://freeaipromptmaker.com/prompt-generator-for/pixel-art","5","292","1,7%","10,4","","","","","","Per-page organic baseline joined to the URL inventory.","high","Preserve and improve unless a documented same-intent merge is stronger"
"Search Console","Search results","2025-11-26 to 2026-07-14","Page","https://freeaipromptmaker.com/blog/2026-01-31-master-stable-diffusion-samplers","4","1672","0,2%","10,4","","","","","","Per-page organic baseline joined to the URL inventory.","high","Preserve and improve unless a documented same-intent merge is stronger"
"Search Console","Search results","2025-11-26 to 2026-07-14","Page","https://freeaipromptmaker.com/blog/2026-06-06-stable-diffusion-low-vram-guide-optimize-performance","4","451","0,9%","8,8","","","","","","Per-page organic baseline joined to the URL inventory.","high","Preserve and improve unless a documented same-intent merge is stronger"
"Search Console","Search results","2025-11-26 to 2026-07-14","Page","https://freeaipromptmaker.com/blog/2026-05-09-dall-e-3-infographics-data-visualization-guide","4","432","0,9%","7,2","","","","","","Per-page organic baseline joined to the URL inventory.","high","Preserve and improve unless a documented same-intent merge is stronger"
"Search Console","Search results","2025-11-26 to 2026-07-14","Page","https://freeaipromptmaker.com/cookies","4","167","2,4%","12,2","","","","","","Per-page organic baseline joined to the URL inventory.","high","Preserve and improve unless a documented same-intent merge is stronger"
"Search Console","Search results","2025-11-26 to 2026-07-14","Page","https://freeaipromptmaker.com/prompt-generator-for/architecture","4","148","2,7%","9,7","","","","","","Per-page organic baseline joined to the URL inventory.","high","Preserve and improve unless a documented same-intent merge is stronger"
"Search Console","Search results","2025-11-26 to 2026-07-14","Page","https://freeaipromptmaker.com/prompt-generator-for/logos","4","91","4,4%","9,6","","","","","","Per-page organic baseline joined to the URL inventory.","high","Preserve and improve unless a documented same-intent merge is stronger"
"Search Console","Search results","2025-11-26 to 2026-07-14","Page","https://freeaipromptmaker.com/blog/2026-07-02-master-miniature-macro-ai-art-prompts","4","65","6,2%","6,1","","","","","","Per-page organic baseline joined to the URL inventory.","high","Preserve and improve unless a documented same-intent merge is stronger"
"Search Console","Search results","2025-11-26 to 2026-07-14","Page","https://freeaipromptmaker.com/blog/2026-02-09-master-stained-glass-ai-art-prompts","3","2014","0,1%","5,4","","","","","","Per-page organic baseline joined to the URL inventory.","high","Preserve and improve unless a documented same-intent merge is stronger"
"Search Console","Search results","2025-11-26 to 2026-07-14","Page","https://freeaipromptmaker.com/blog/2026-01-28-master-fantasy-ai-art-prompts","3","1744","0,2%","5,6","","","","","","Per-page organic baseline joined to the URL inventory.","high","Preserve and improve unless a documented same-intent merge is stronger"
"Search Console","Search results","2025-11-26 to 2026-07-14","Page","https://freeaipromptmaker.com/blog/2026-01-07-master-ai-art-camera-angles-cinematic-prompts-composition","3","1155","0,3%","9,6","","","","","","Per-page organic baseline joined to the URL inventory.","high","Preserve and improve unless a documented same-intent merge is stronger"
"Search Console","Search results","2025-11-26 to 2026-07-14","Page","https://freeaipromptmaker.com/prompt-generator-for/product-photography","3","223","1,3%","10,3","","","","","","Per-page organic baseline joined to the URL inventory.","high","Preserve and improve unless a documented same-intent merge is stronger"
"Search Console","Search results","2025-11-26 to 2026-07-14","Page","https://freeaipromptmaker.com/prompt-generators","3","152","2%","9,1","","","","","","Per-page organic baseline joined to the URL inventory.","high","Preserve and improve unless a documented same-intent merge is stronger"
"Search Console","Search results","2025-11-26 to 2026-07-14","Page","https://freeaipromptmaker.com/blog/2026-05-24-master-ai-fashion-clothing-prompts","3","136","2,2%","7,9","","","","","","Per-page organic baseline joined to the URL inventory.","high","Preserve and improve unless a documented same-intent merge is stronger"
"Search Console","Search results","2025-11-26 to 2026-07-14","Page","https://freeaipromptmaker.com/blog/2026-02-03-master-dynamic-action-prompts-ai-art","2","2745","0,1%","4,6","","","","","","Per-page organic baseline joined to the URL inventory.","high","Preserve and improve unless a documented same-intent merge is stronger"
"Search Console","Search results","2025-11-26 to 2026-07-14","Page","https://freeaipromptmaker.com/blog/2026-05-19-leonardo-ai-merchandise-design-guide","2","1367","0,1%","10,4","","","","","","Per-page organic baseline joined to the URL inventory.","high","Preserve and improve unless a documented same-intent merge is stronger"
"Search Console","Search results","2025-11-26 to 2026-07-14","Page","https://freeaipromptmaker.com/blog/2026-06-17-master-volumetric-lighting-ai-art","2","1003","0,2%","6,6","","","","","","Per-page organic baseline joined to the URL inventory.","high","Preserve and improve unless a documented same-intent merge is stronger"
"Search Console","Search results","2025-11-26 to 2026-07-14","Page","https://freeaipromptmaker.com/blog/2026-05-29-master-stable-diffusion-model-merging-custom-checkpoints","2","821","0,2%","8,9","","","","","","Per-page organic baseline joined to the URL inventory.","high","Preserve and improve unless a documented same-intent merge is stronger"
"Search Console","Search results","2025-11-26 to 2026-07-14","Page","https://freeaipromptmaker.com/blog/2026-03-26-train-custom-loras-stable-diffusion","2","768","0,3%","14,5","","","","","","Per-page organic baseline joined to the URL inventory.","high","Preserve and improve unless a documented same-intent merge is stronger"
"Search Console","Search results","2025-11-26 to 2026-07-14","Page","https://freeaipromptmaker.com/blog/2026-04-03-stable-diffusion-prompt-syntax-guide","2","764","0,3%","8,2","","","","","","Per-page organic baseline joined to the URL inventory.","high","Preserve and improve unless a documented same-intent merge is stronger"
"Search Console","Search results","2025-11-26 to 2026-07-14","Page","https://freeaipromptmaker.com/blog/2026-05-15-ai-photorealism-comparison-midjourney-stable-diffusion-dall-e3-leonardo","2","670","0,3%","12,6","","","","","","Per-page organic baseline joined to the URL inventory.","high","Preserve and improve unless a documented same-intent merge is stronger"
"Search Console","Search results","2025-11-26 to 2026-07-14","Page","https://freeaipromptmaker.com/blog/2025-12-05-ai-animation-video-prompts-guide","2","638","0,3%","9,3","","","","","","Per-page organic baseline joined to the URL inventory.","high","Preserve and improve unless a documented same-intent merge is stronger"
"Search Console","Search results","2025-11-26 to 2026-07-14","Page","https://freeaipromptmaker.com/blog/2026-05-13-master-ai-hair-prompts-styles-textures-dynamics","2","463","0,4%","7","","","","","","Per-page organic baseline joined to the URL inventory.","high","Preserve and improve unless a documented same-intent merge is stronger"
"Search Console","Search results","2025-11-26 to 2026-07-14","Page","https://freeaipromptmaker.com/blog/2026-05-31-master-leonardo-ai-loras-guide","2","387","0,5%","11,2","","","","","","Per-page organic baseline joined to the URL inventory.","high","Preserve and improve unless a documented same-intent merge is stronger"
"Search Console","Search results","2025-11-26 to 2026-07-14","Page","https://freeaipromptmaker.com/blog/2026-06-04-ai-art-prompt-thesaurus-best-words","2","116","1,7%","10","","","","","","Per-page organic baseline joined to the URL inventory.","high","Preserve and improve unless a documented same-intent merge is stronger"
"Search Console","Search results","2025-11-26 to 2026-07-14","Page","https://freeaipromptmaker.com/prompt-generator-for/cinematic-portraits","2","91","2,2%","11,7","","","","","","Per-page organic baseline joined to the URL inventory.","high","Preserve and improve unless a documented same-intent merge is stronger"
"Search Console","Search results","2025-11-26 to 2026-07-14","Page","https://freeaipromptmaker.com/blog/2026-07-01-master-studio-ghibli-ai-art-prompts","2","16","12,5%","8,9","","","","","","Per-page organic baseline joined to the URL inventory.","high","Preserve and improve unless a documented same-intent merge is stronger"
"Search Console","Search results","2025-11-26 to 2026-07-14","Page","https://freeaipromptmaker.com/blog/2025-11-29-stable-diffusion-negative-prompts-guide#essential-negative-prompt-templates","1","25479","0%","5,5","","","","","","Per-page organic baseline joined to the URL inventory.","high","Preserve and improve unless a documented same-intent merge is stronger"
"Search Console","Search results","2025-11-26 to 2026-07-14","Page","https://freeaipromptmaker.com/blog/2026-05-10-leonardo-ai-game-art-assets","1","1997","0,1%","8,4","","","","","","Per-page organic baseline joined to the URL inventory.","high","Preserve and improve unless a documented same-intent merge is stronger"
"Search Console","Search results","2025-11-26 to 2026-07-14","Page","https://freeaipromptmaker.com/blog/2025-12-01-ai-art-composition-guide","1","1699","0,1%","6,8","","","","","","Per-page organic baseline joined to the URL inventory.","high","Preserve and improve unless a documented same-intent merge is stronger"
"Search Console","Search results","2025-11-26 to 2026-07-14","Page","https://freeaipromptmaker.com/blog/2026-02-13-master-midjourney-niji-mode-anime-manga-art-guide","1","1360","0,1%","6,5","","","","","","Per-page organic baseline joined to the URL inventory.","high","Preserve and improve unless a documented same-intent merge is stronger"
"Search Console","Search results","2025-11-26 to 2026-07-14","Page","https://freeaipromptmaker.com/blog/2026-02-23-master-art-nouveau-ai-art","1","623","0,2%","5,1","","","","","","Per-page organic baseline joined to the URL inventory.","high","Preserve and improve unless a documented same-intent merge is stronger"
"Search Console","Search results","2025-11-26 to 2026-07-14","Page","https://freeaipromptmaker.com/blog/2026-04-19-master-automatic1111-stable-diffusion-web-ui-guide","1","591","0,2%","9,3","","","","","","Per-page organic baseline joined to the URL inventory.","high","Preserve and improve unless a documented same-intent merge is stronger"
"Search Console","Search results","2025-11-26 to 2026-07-14","Page","https://freeaipromptmaker.com/blog/2026-01-05-master-ai-art-settings-quality-detail","1","477","0,2%","11,5","","","","","","Per-page organic baseline joined to the URL inventory.","high","Preserve and improve unless a documented same-intent merge is stronger"
"Search Console","Search results","2025-11-26 to 2026-07-14","Page","https://freeaipromptmaker.com/blog/2026-01-17-master-midjourney-remix-mode","1","418","0,2%","8,8","","","","","","Per-page organic baseline joined to the URL inventory.","high","Preserve and improve unless a documented same-intent merge is stronger"
"Search Console","Search results","2025-11-26 to 2026-07-14","Page","https://freeaipromptmaker.com/blog/2026-05-25-ai-art-lighting-comparison-midjourney-sd-dalle3-leonardo","1","398","0,3%","12,7","","","","","","Per-page organic baseline joined to the URL inventory.","high","Preserve and improve unless a documented same-intent merge is stronger"
"Search Console","Search results","2025-11-26 to 2026-07-14","Page","https://freeaipromptmaker.com/blog/2026-06-03-abstract-ai-art-generator-comparison","1","305","0,3%","19,7","","","","","","Per-page organic baseline joined to the URL inventory.","high","Preserve and improve unless a documented same-intent merge is stronger"
"Search Console","Search results","2025-11-26 to 2026-07-14","Page","https://freeaipromptmaker.com/blog/2026-02-25-ai-prompt-building-beginners-guide","1","251","0,4%","6,6","","","","","","Per-page organic baseline joined to the URL inventory.","high","Preserve and improve unless a documented same-intent merge is stronger"
"Search Console","Search results","2025-11-26 to 2026-07-14","Page","https://freeaipromptmaker.com/blog/2026-01-31-master-midjourney-chaos-weird","1","228","0,4%","9,8","","","","","","Per-page organic baseline joined to the URL inventory.","high","Preserve and improve unless a documented same-intent merge is stronger"
"Search Console","Search results","2025-11-26 to 2026-07-14","Page","https://freeaipromptmaker.com/blog/2026-06-28-run-ai-art-locally-guide-offline-generation","1","189","0,5%","11,2","","","","","","Per-page organic baseline joined to the URL inventory.","high","Preserve and improve unless a documented same-intent merge is stronger"
"Search Console","Search results","2025-11-26 to 2026-07-14","Page","https://freeaipromptmaker.com/about","1","185","0,5%","7,3","","","","","","Per-page organic baseline joined to the URL inventory.","high","Preserve and improve unless a documented same-intent merge is stronger"
"Search Console","Search results","2025-11-26 to 2026-07-14","Page","https://freeaipromptmaker.com/blog/2026-04-21-ai-comics-storyboards-sequential-art-guide","1","179","0,6%","11,6","","","","","","Per-page organic baseline joined to the URL inventory.","high","Preserve and improve unless a documented same-intent merge is stronger"
"Search Console","Search results","2025-11-26 to 2026-07-14","Page","https://freeaipromptmaker.com/blog/2026-02-17-master-ai-art-game-development-assets-concepts-worlds","1","143","0,7%","12,8","","","","","","Per-page organic baseline joined to the URL inventory.","high","Preserve and improve unless a documented same-intent merge is stronger"
"Search Console","Search results","2025-11-26 to 2026-07-14","Page","https://freeaipromptmaker.com/blog/2026-06-13-leonardo-ai-product-mockups-design-visualization","1","93","1,1%","9,4","","","","","","Per-page organic baseline joined to the URL inventory.","high","Preserve and improve unless a documented same-intent merge is stronger"
"Search Console","Search results","2025-11-26 to 2026-07-14","Page","https://freeaipromptmaker.com/blog/2026-05-13-generate-isometric-ai-art-prompts-styles","1","85","1,2%","17,5","","","","","","Per-page organic baseline joined to the URL inventory.","high","Preserve and improve unless a documented same-intent merge is stronger"
"Search Console","Search results","2025-11-26 to 2026-07-14","Page","https://freeaipromptmaker.com/prompt-generator-for/fashion-editorial","1","80","1,3%","12,9","","","","","","Per-page organic baseline joined to the URL inventory.","high","Preserve and improve unless a documented same-intent merge is stronger"
"Search Console","Search results","2025-11-26 to 2026-07-14","Page","https://freeaipromptmaker.com/blog/2026-06-26-master-dreambooth-stable-diffusion-custom-models","1","70","1,4%","21,8","","","","","","Per-page organic baseline joined to the URL inventory.","high","Preserve and improve unless a documented same-intent merge is stronger"
"Search Console","Search results","2025-11-26 to 2026-07-14","Page","https://freeaipromptmaker.com/blog/2026-05-03-midjourney-focal-points-visual-hierarchy","1","69","1,4%","10","","","","","","Per-page organic baseline joined to the URL inventory.","high","Preserve and improve unless a documented same-intent merge is stronger"
"Search Console","Search results","2025-11-26 to 2026-07-14","Page","https://freeaipromptmaker.com/blog/2026-06-09-master-dall-e-3-diagrams-schematics","1","66","1,5%","9,7","","","","","","Per-page organic baseline joined to the URL inventory.","high","Preserve and improve unless a documented same-intent merge is stronger"
"Search Console","Search results","2025-11-26 to 2026-07-14","Page","https://freeaipromptmaker.com/blog/2026-05-23-master-street-art-ai-prompts","1","51","2%","8,4","","","","","","Per-page organic baseline joined to the URL inventory.","high","Preserve and improve unless a documented same-intent merge is stronger"
"Search Console","Search results","2025-11-26 to 2026-07-14","Page","https://freeaipromptmaker.com/prompt-generator-for/fantasy-scenes","1","27","3,7%","15,3","","","","","","Per-page organic baseline joined to the URL inventory.","high","Preserve and improve unless a documented same-intent merge is stronger"
"Search Console","Search results","2025-11-26 to 2026-07-14","Page","https://freeaipromptmaker.com/blog/2026-07-10-master-tattoo-style-ai-art-prompts","1","14","7,1%","10,5","","","","","","Per-page organic baseline joined to the URL inventory.","high","Preserve and improve unless a documented same-intent merge is stronger"
"Search Console","Search results","2025-11-26 to 2026-07-14","Page","https://freeaipromptmaker.com/blog/2026-07-11-master-paper-cutout-ai-art-prompts-techniques","1","7","14,3%","4,7","","","","","","Per-page organic baseline joined to the URL inventory.","high","Preserve and improve unless a documented same-intent merge is stronger"
"Search Console","Search results","2025-11-26 to 2026-07-14","Page","https://freeaipromptmaker.com/blog/2025-11-29-stable-diffusion-negative-prompts-guide#why-negative-prompts-are-your-best-friend","0","24603","0%","5,5","","","","","","Per-page organic baseline joined to the URL inventory.","high","Preserve and improve unless a documented same-intent merge is stronger"
"Search Console","Search results","2025-11-26 to 2026-07-14","Page","https://freeaipromptmaker.com/blog/2025-11-29-stable-diffusion-negative-prompts-guide#what-are-negative-prompts-really-","0","15922","0%","6,1","","","","","","Per-page organic baseline joined to the URL inventory.","high","Preserve and improve unless a documented same-intent merge is stronger"
"Search Console","Search results","2025-11-26 to 2026-07-14","Page","https://freeaipromptmaker.com/blog/2026-02-22-master-leonardo-ai-negative-prompts#the-power-of-negative-prompts-in-leonardo-ai","0","6473","0%","6,1","","","","","","Per-page organic baseline joined to the URL inventory.","high","Preserve and improve unless a documented same-intent merge is stronger"
"Search Console","Search results","2025-11-26 to 2026-07-14","Page","https://freeaipromptmaker.com/blog/2025-11-29-stable-diffusion-negative-prompts-guide#a-guide-to-fixing-bad-hands-ugly-faces-and-more","0","5642","0%","6","","","","","","Per-page organic baseline joined to the URL inventory.","high","Preserve and improve unless a documented same-intent merge is stronger"
"Search Console","Search results","2025-11-26 to 2026-07-14","Page","https://freeaipromptmaker.com/blog/2026-02-22-master-leonardo-ai-negative-prompts#understanding-leonardo-ais-negative-prompt-system","0","4716","0%","6","","","","","","Per-page organic baseline joined to the URL inventory.","high","Preserve and improve unless a documented same-intent merge is stronger"
"Search Console","Search results","2025-11-26 to 2026-07-14","Page","https://freeaipromptmaker.com/blog/2026-01-05-dall-e-3-text-generation-guide","0","2802","0%","6,3","","","","","","Per-page organic baseline joined to the URL inventory.","high","Preserve and improve unless a documented same-intent merge is stronger"
"Search Console","Search results","2025-11-26 to 2026-07-14","Page","https://freeaipromptmaker.com/blog/2025-11-27-midjourney-v6-complete-prompt-guide#the-anatomy-of-a-basic-v6-prompt","0","2336","0%","4,5","","","","","","Per-page organic baseline joined to the URL inventory.","high","Preserve and improve unless a documented same-intent merge is stronger"
"Search Console","Search results","2025-11-26 to 2026-07-14","Page","https://freeaipromptmaker.com/blog/2025-11-27-midjourney-v6-complete-prompt-guide#whats-new-with-midjourney-v6-","0","2285","0%","4,6","","","","","","Per-page organic baseline joined to the URL inventory.","high","Preserve and improve unless a documented same-intent merge is stronger"
"Search Console","Search results","2025-11-26 to 2026-07-14","Page","https://freeaipromptmaker.com/blog/2026-02-22-master-leonardo-ai-negative-prompts#essential-negative-prompts-to-fix-common-ai-art-issues","0","2087","0%","6,1","","","","","","Per-page organic baseline joined to the URL inventory.","high","Preserve and improve unless a documented same-intent merge is stronger"
"Search Console","Search results","2025-11-26 to 2026-07-14","Page","https://freeaipromptmaker.com/blog/2025-11-29-guide-consistent-characters-ai-art","0","1680","0%","13,3","","","","","","Per-page organic baseline joined to the URL inventory.","high","Preserve and improve unless a documented same-intent merge is stronger"
"Search Console","Search results","2025-11-26 to 2026-07-14","Page","https://freeaipromptmaker.com/blog/2026-05-19-sell-ai-art-monetization-guide","0","1554","0%","11","","","","","","Per-page organic baseline joined to the URL inventory.","high","Preserve and improve unless a documented same-intent merge is stronger"
"Search Console","Search results","2025-11-26 to 2026-07-14","Page","https://freeaipromptmaker.com/blog/2026-02-15-fixing-ai-art-troubleshooting-distortions-artifacts","0","1424","0%","6,6","","","","","","Per-page organic baseline joined to the URL inventory.","high","Preserve and improve unless a documented same-intent merge is stronger"
"Search Console","Search results","2025-11-26 to 2026-07-14","Page","https://freeaipromptmaker.com/blog/2026-07-05-master-midjourney-raw-mode-unstylized-ai-art","0","1123","0%","8,9","","","","","","Per-page organic baseline joined to the URL inventory.","high","Preserve and improve unless a documented same-intent merge is stronger"
"Search Console","Search results","2025-11-26 to 2026-07-14","Page","https://freeaipromptmaker.com/blog/2025-11-29-stable-diffusion-negative-prompts-guide#category-specific-negative-prompts-","0","1079","0%","4,3","","","","","","Per-page organic baseline joined to the URL inventory.","high","Preserve and improve unless a documented same-intent merge is stronger"
"Search Console","Search results","2025-11-26 to 2026-07-14","Page","https://freeaipromptmaker.com/blog/2026-02-01-ai-art-speed-hacks-optimize-prompts","0","895","0%","5,4","","","","","","Per-page organic baseline joined to the URL inventory.","high","Preserve and improve unless a documented same-intent merge is stronger"
"Search Console","Search results","2025-11-26 to 2026-07-14","Page","https://freeaipromptmaker.com/blog/2025-12-29-master-dall-e-3-in-app-editing","0","520","0%","7,4","","","","","","Per-page organic baseline joined to the URL inventory.","high","Preserve and improve unless a documented same-intent merge is stronger"
"Search Console","Search results","2025-11-26 to 2026-07-14","Page","https://freeaipromptmaker.com/blog/2025-12-01-dalle-3-prompting-tips-secrets","0","512","0%","8,4","","","","","","Per-page organic baseline joined to the URL inventory.","high","Preserve and improve unless a documented same-intent merge is stronger"
"Search Console","Search results","2025-11-26 to 2026-07-14","Page","https://freeaipromptmaker.com/blog/2026-01-27-master-layered-ai-art-prompts","0","451","0%","6","","","","","","Per-page organic baseline joined to the URL inventory.","high","Preserve and improve unless a documented same-intent merge is stronger"
"Search Console","Search results","2025-11-26 to 2026-07-14","Page","https://freeaipromptmaker.com/tools","0","371","0%","17,5","","","","","","Per-page organic baseline joined to the URL inventory.","high","Preserve and improve unless a documented same-intent merge is stronger"
"Search Console","Search results","2025-11-26 to 2026-07-14","Page","https://freeaipromptmaker.com/blog/2025-11-27-midjourney-v6-complete-prompt-guide#advanced-techniques-and-parameters","0","306","0%","2,6","","","","","","Per-page organic baseline joined to the URL inventory.","high","Preserve and improve unless a documented same-intent merge is stronger"
"Search Console","Search results","2025-11-26 to 2026-07-14","Page","https://freeaipromptmaker.com/blog/2026-05-15-master-ai-art-resolution-aspect-ratio-beginner","0","281","0%","9,5","","","","","","Per-page organic baseline joined to the URL inventory.","high","Preserve and improve unless a documented same-intent merge is stronger"
"Search Console","Search results","2025-11-26 to 2026-07-14","Page","https://freeaipromptmaker.com/blog/2026-03-29-ai-art-rendering-prompts-professional-quality","0","270","0%","10,4","","","","","","Per-page organic baseline joined to the URL inventory.","high","Preserve and improve unless a documented same-intent merge is stronger"
"Search Console","Search results","2025-11-26 to 2026-07-14","Page","https://freeaipromptmaker.com/blog/2026-02-08-master-ai-art-credits-optimize-usage","0","198","0%","6,2","","","","","","Per-page organic baseline joined to the URL inventory.","high","Preserve and improve unless a documented same-intent merge is stronger"
"Search Console","Search results","2025-11-26 to 2026-07-14","Page","https://freeaipromptmaker.com/blog/2026-05-30-master-ai-art-seeds-unlock-variations-quality","0","197","0%","9,9","","","","","","Per-page organic baseline joined to the URL inventory.","high","Preserve and improve unless a documented same-intent merge is stronger"
"Search Console","Search results","2025-11-26 to 2026-07-14","Page","https://freeaipromptmaker.com/blog/2026-05-17-master-sdxl-prompting-guide#crafting-effective-sdxl-prompts-for-high-fidelity","0","178","0%","6,1","","","","","","Per-page organic baseline joined to the URL inventory.","high","Preserve and improve unless a documented same-intent merge is stronger"
"Search Console","Search results","2025-11-26 to 2026-07-14","Page","https://freeaipromptmaker.com/blog/2026-03-19-master-stable-diffusion-3d-render-ai-art","0","174","0%","12,4","","","","","","Per-page organic baseline joined to the URL inventory.","high","Preserve and improve unless a documented same-intent merge is stronger"
"Search Console","Search results","2025-11-26 to 2026-07-14","Page","https://freeaipromptmaker.com/blog/2026-05-17-master-sdxl-prompting-guide#key-differences-sdxl-prompting-vs-sd-1521","0","159","0%","6,4","","","","","","Per-page organic baseline joined to the URL inventory.","high","Preserve and improve unless a documented same-intent merge is stronger"
"Search Console","Search results","2025-11-26 to 2026-07-14","Page","https://freeaipromptmaker.com/blog/2026-04-11-master-cinematic-lighting-ai-art-prompts","0","150","0%","6,1","","","","","","Per-page organic baseline joined to the URL inventory.","high","Preserve and improve unless a documented same-intent merge is stronger"
"Search Console","Search results","2025-11-26 to 2026-07-14","Page","https://freeaipromptmaker.com/blog/2026-05-17-master-dall-e-3-ui-web-design-prompts","0","144","0%","11,9","","","","","","Per-page organic baseline joined to the URL inventory.","high","Preserve and improve unless a documented same-intent merge is stronger"
"Search Console","Search results","2025-11-26 to 2026-07-14","Page","https://freeaipromptmaker.com/blog/2026-04-05-master-leonardo-ai-photoreal-hyperrealistic-art","0","143","0%","11,1","","","","","","Per-page organic baseline joined to the URL inventory.","high","Preserve and improve unless a documented same-intent merge is stronger"
"Search Console","Search results","2025-11-26 to 2026-07-14","Page","https://freeaipromptmaker.com/blog/2026-05-17-master-sdxl-prompting-guide#optimizing-resolution-and-aspect-ratios-for-sdxl","0","142","0%","6,4","","","","","","Per-page organic baseline joined to the URL inventory.","high","Preserve and improve unless a documented same-intent merge is stronger"
"Search Console","Search results","2025-11-26 to 2026-07-14","Page","https://freeaipromptmaker.com/prompt-generator-for/game-concepts","0","119","0%","7,6","","","","","","Per-page organic baseline joined to the URL inventory.","high","Preserve and improve unless a documented same-intent merge is stronger"
"Search Console","Search results","2025-11-26 to 2026-07-14","Page","https://freeaipromptmaker.com/blog/2026-06-02-master-ai-art-compositing-guide","0","103","0%","9,8","","","","","","Per-page organic baseline joined to the URL inventory.","high","Preserve and improve unless a documented same-intent merge is stronger"
"Search Console","Search results","2025-11-26 to 2026-07-14","Page","https://freeaipromptmaker.com/blog/2026-05-29-master-dalle3-typography-art-custom-lettering","0","101","0%","8,4","","","","","","Per-page organic baseline joined to the URL inventory.","high","Preserve and improve unless a documented same-intent merge is stronger"
"Search Console","Search results","2025-11-26 to 2026-07-14","Page","https://freeaipromptmaker.com/blog/2026-05-27-ai-art-prompt-anatomy-for-beginners","0","97","0%","10","","","","","","Per-page organic baseline joined to the URL inventory.","high","Preserve and improve unless a documented same-intent merge is stronger"
"Search Console","Search results","2025-11-26 to 2026-07-14","Page","https://freeaipromptmaker.com/blog/2026-06-19-ai-art-workflow-tools-comparison-midjourney-sd-dalle-leonardo","0","84","0%","19,6","","","","","","Per-page organic baseline joined to the URL inventory.","high","Preserve and improve unless a documented same-intent merge is stronger"
"Search Console","Search results","2025-11-26 to 2026-07-14","Page","https://freeaipromptmaker.com/blog/2026-06-01-master-vaporwave-ai-art-prompts","0","83","0%","10,1","","","","","","Per-page organic baseline joined to the URL inventory.","high","Preserve and improve unless a documented same-intent merge is stronger"
"Search Console","Search results","2025-11-26 to 2026-07-14","Page","https://freeaipromptmaker.com/blog/2026-07-03-ai-3d-art-generators-compared-midjourney-sd-dall-e-3","0","81","0%","9,1","","","","","","Per-page organic baseline joined to the URL inventory.","high","Preserve and improve unless a documented same-intent merge is stronger"
"Search Console","Search results","2025-11-26 to 2026-07-14","Page","https://freeaipromptmaker.com/blog/2026-05-16-master-midjourney-blend-command-images","0","74","0%","12,7","","","","","","Per-page organic baseline joined to the URL inventory.","high","Preserve and improve unless a documented same-intent merge is stronger"
"Search Console","Search results","2025-11-26 to 2026-07-14","Page","https://freeaipromptmaker.com/blog/2025-11-27-midjourney-v6-complete-prompt-guide#framing-your-vision-aspect-ratios---ar","0","73","0%","4,6","","","","","","Per-page organic baseline joined to the URL inventory.","high","Preserve and improve unless a documented same-intent merge is stronger"
"Search Console","Search results","2025-11-26 to 2026-07-14","Page","https://freeaipromptmaker.com/blog/2026-05-17-master-sdxl-prompting-guide#introduction-to-sdxls-unique-prompting-advantages","0","73","0%","5,7","","","","","","Per-page organic baseline joined to the URL inventory.","high","Preserve and improve unless a documented same-intent merge is stronger"
"Search Console","Search results","2025-11-26 to 2026-07-14","Page","https://freeaipromptmaker.com/blog/2026-07-06-stable-diffusion-game-assets-sprite-sheets-turnarounds","0","73","0%","11,4","","","","","","Per-page organic baseline joined to the URL inventory.","high","Preserve and improve unless a documented same-intent merge is stronger"
"Search Console","Search results","2025-11-26 to 2026-07-14","Page","https://freeaipromptmaker.com/blog/2025-11-27-midjourney-v6-complete-prompt-guide#mastering-style-with---stylize-or---s","0","67","0%","4,5","","","","","","Per-page organic baseline joined to the URL inventory.","high","Preserve and improve unless a documented same-intent merge is stronger"
"Search Console","Search results","2025-11-26 to 2026-07-14","Page","https://freeaipromptmaker.com/blog/2026-05-31-master-incremental-ai-prompting-build-complex-scenes","0","62","0%","10,1","","","","","","Per-page organic baseline joined to the URL inventory.","high","Preserve and improve unless a documented same-intent merge is stronger"
"Search Console","Search results","2025-11-26 to 2026-07-14","Page","https://freeaipromptmaker.com/blog/2026-03-25-simple-to-stunning-ai-prompts-add-detail","0","57","0%","9,7","","","","","","Per-page organic baseline joined to the URL inventory.","high","Preserve and improve unless a documented same-intent merge is stronger"
"Search Console","Search results","2025-11-26 to 2026-07-14","Page","https://freeaipromptmaker.com/privacy","0","55","0%","5","","","","","","Per-page organic baseline joined to the URL inventory.","high","Preserve and improve unless a documented same-intent merge is stronger"
"Search Console","Search results","2025-11-26 to 2026-07-14","Page","https://freeaipromptmaker.com/blog/2025-12-04-level-up-campaign-ai-art-dnd-ttrpg","0","49","0%","12,5","","","","","","Per-page organic baseline joined to the URL inventory.","high","Preserve and improve unless a documented same-intent merge is stronger"
"Search Console","Search results","2025-11-26 to 2026-07-14","Page","https://freeaipromptmaker.com/blog/2026-03-17-mastering-ai-art-style-consistency-midjourney-sd-dall-e3","0","39","0%","13,4","","","","","","Per-page organic baseline joined to the URL inventory.","high","Preserve and improve unless a documented same-intent merge is stronger"
"Search Console","Search results","2025-11-26 to 2026-07-14","Page","https://freeaipromptmaker.com/blog/2026-05-01-generate-social-media-ai-art-prompts-strategies","0","39","0%","18,8","","","","","","Per-page organic baseline joined to the URL inventory.","high","Preserve and improve unless a documented same-intent merge is stronger"
"Search Console","Search results","2025-11-26 to 2026-07-14","Page","https://freeaipromptmaker.com/blog/2025-11-27-midjourney-v6-complete-prompt-guide#embracing-the-unexpected---chaos-or---c","0","38","0%","4,1","","","","","","Per-page organic baseline joined to the URL inventory.","high","Preserve and improve unless a documented same-intent merge is stronger"
"Search Console","Search results","2025-11-26 to 2026-07-14","Page","https://freeaipromptmaker.com/blog/2025-11-27-midjourney-v6-complete-prompt-guide#fine-tuning-the-finish-quality---q","0","38","0%","4,1","","","","","","Per-page organic baseline joined to the URL inventory.","high","Preserve and improve unless a documented same-intent merge is stronger"
"Search Console","Search results","2025-11-26 to 2026-07-14","Page","https://freeaipromptmaker.com/contact","0","33","0%","6,1","","","","","","Per-page organic baseline joined to the URL inventory.","high","Preserve and improve unless a documented same-intent merge is stronger"
"Search Console","Search results","2025-11-26 to 2026-07-14","Page","https://freeaipromptmaker.com/terms","0","32","0%","6,1","","","","","","Per-page organic baseline joined to the URL inventory.","high","Preserve and improve unless a documented same-intent merge is stronger"
"Search Console","Search results","2025-11-26 to 2026-07-14","Page","https://freeaipromptmaker.com/blog/2026-07-09-ai-art-time-manipulation-prompts","0","32","0%","13,1","","","","","","Per-page organic baseline joined to the URL inventory.","high","Preserve and improve unless a documented same-intent merge is stronger"
"Search Console","Search results","2025-11-26 to 2026-07-14","Page","https://freeaipromptmaker.com/blog/2026-05-17-master-sdxl-prompting-guide#leveraging-the-sdxl-refiner-for-enhanced-detail-and-quality","0","30","0%","5,8","","","","","","Per-page organic baseline joined to the URL inventory.","high","Preserve and improve unless a documented same-intent merge is stronger"
"Search Console","Search results","2025-11-26 to 2026-07-14","Page","https://freeaipromptmaker.com/blog/2025-12-31-master-visual-consistency-ai-art-project-cohesion","0","28","0%","6,3","","","","","","Per-page organic baseline joined to the URL inventory.","high","Preserve and improve unless a documented same-intent merge is stronger"
"Search Console","Search results","2025-11-26 to 2026-07-14","Page","https://freeaipromptmaker.com/blog/2026-07-07-dall-e-3-object-editing-guide-modify-ai-art","0","28","0%","13,1","","","","","","Per-page organic baseline joined to the URL inventory.","high","Preserve and improve unless a documented same-intent merge is stronger"
"Search Console","Search results","2025-11-26 to 2026-07-14","Page","https://freeaipromptmaker.com/prompt-generator-for/real-estate-interiors","0","26","0%","10,4","","","","","","Per-page organic baseline joined to the URL inventory.","high","Preserve and improve unless a documented same-intent merge is stronger"
"Search Console","Search results","2025-11-26 to 2026-07-14","Page","https://freeaipromptmaker.com/prompt-generator-for/food-photography","0","26","0%","19,9","","","","","","Per-page organic baseline joined to the URL inventory.","high","Preserve and improve unless a documented same-intent merge is stronger"
"Search Console","Search results","2025-11-26 to 2026-07-14","Page","https://freeaipromptmaker.com/blog/2026-06-21-mastering-ai-art-adjectives-detailed-prompts","0","24","0%","5,9","","","","","","Per-page organic baseline joined to the URL inventory.","high","Preserve and improve unless a documented same-intent merge is stronger"
"Search Console","Search results","2025-11-26 to 2026-07-14","Page","https://freeaipromptmaker.com/blog/2026-04-04-master-ai-art-organization-portfolio-projects","0","22","0%","9","","","","","","Per-page organic baseline joined to the URL inventory.","high","Preserve and improve unless a documented same-intent merge is stronger"
"Search Console","Search results","2025-11-26 to 2026-07-14","Page","https://freeaipromptmaker.com/blog/2026-06-14-master-ai-art-subject-focus-prompts","0","22","0%","9,5","","","","","","Per-page organic baseline joined to the URL inventory.","high","Preserve and improve unless a documented same-intent merge is stronger"
"Search Console","Search results","2025-11-26 to 2026-07-14","Page","https://freeaipromptmaker.com/blog/2026-05-02-master-ai-art-refinement-midjourney-sd-dall-e-3-leonardo","0","20","0%","10,2","","","","","","Per-page organic baseline joined to the URL inventory.","high","Preserve and improve unless a documented same-intent merge is stronger"
"Search Console","Search results","2025-11-26 to 2026-07-14","Page","https://freeaipromptmaker.com/blog/2026-03-21-master-ai-art-perspective-prompts-dynamic-depth","0","19","0%","7,5","","","","","","Per-page organic baseline joined to the URL inventory.","high","Preserve and improve unless a documented same-intent merge is stronger"
"Search Console","Search results","2025-11-26 to 2026-07-14","Page","https://freeaipromptmaker.com/blog/2026-05-11-master-ai-art-interaction-prompts","0","18","0%","7,7","","","","","","Per-page organic baseline joined to the URL inventory.","high","Preserve and improve unless a documented same-intent merge is stronger"
"Search Console","Search results","2025-11-26 to 2026-07-14","Page","https://freeaipromptmaker.com/blog/2026-06-13-master-ai-art-selection","0","17","0%","7,5","","","","","","Per-page organic baseline joined to the URL inventory.","high","Preserve and improve unless a documented same-intent merge is stronger"
"Search Console","Search results","2025-11-26 to 2026-07-14","Page","https://freeaipromptmaker.com/blog/2026-04-26-master-nuance-ai-art-prompts","0","14","0%","5,9","","","","","","Per-page organic baseline joined to the URL inventory.","high","Preserve and improve unless a documented same-intent merge is stronger"
"Search Console","Search results","2025-11-26 to 2026-07-14","Page","https://freeaipromptmaker.com/blog/2026-02-03-master-surreal-ai-art-prompts#2-understanding-core-surrealist-principles-for-ai-prompts","0","14","0%","6,1","","","","","","Per-page organic baseline joined to the URL inventory.","high","Preserve and improve unless a documented same-intent merge is stronger"
"Search Console","Search results","2025-11-26 to 2026-07-14","Page","https://freeaipromptmaker.com/blog/2026-01-12-streamline-ai-art-workflow-generate-faster","0","12","0%","7,2","","","","","","Per-page organic baseline joined to the URL inventory.","high","Preserve and improve unless a documented same-intent merge is stronger"
"Search Console","Search results","2025-11-26 to 2026-07-14","Page","https://freeaipromptmaker.com/blog/2026-06-05-master-midjourney-depth-of-field-prompts","0","12","0%","7,4","","","","","","Per-page organic baseline joined to the URL inventory.","high","Preserve and improve unless a documented same-intent merge is stronger"
"Search Console","Search results","2025-11-26 to 2026-07-14","Page","https://freeaipromptmaker.com/content-standards","0","10","0%","6,3","","","","","","Per-page organic baseline joined to the URL inventory.","high","Preserve and improve unless a documented same-intent merge is stronger"
"Search Console","Search results","2025-11-26 to 2026-07-14","Page","https://freeaipromptmaker.com/blog/2026-02-03-master-surreal-ai-art-prompts#4-advanced-surrealism-combining-concepts-for-unique-visions","0","9","0%","6,2","","","","","","Per-page organic baseline joined to the URL inventory.","high","Preserve and improve unless a documented same-intent merge is stronger"
"Search Console","Search results","2025-11-26 to 2026-07-14","Page","https://freeaipromptmaker.com/blog/2026-07-11-ai-art-special-effects-midjourney-sd-dall-e3-comparison","0","9","0%","18,7","","","","","","Per-page organic baseline joined to the URL inventory.","high","Preserve and improve unless a documented same-intent merge is stronger"
"Search Console","Search results","2025-11-26 to 2026-07-14","Page","https://freeaipromptmaker.com/blog/2026-02-03-master-surreal-ai-art-prompts#1-what-is-surrealism-in-ai-art","0","8","0%","6,8","","","","","","Per-page organic baseline joined to the URL inventory.","high","Preserve and improve unless a documented same-intent merge is stronger"
"Search Console","Search results","2025-11-26 to 2026-07-14","Page","https://freeaipromptmaker.com/blog/2026-06-29-master-leonardo-ai-character-expressions-emotions-moods","0","8","0%","8,5","","","","","","Per-page organic baseline joined to the URL inventory.","high","Preserve and improve unless a documented same-intent merge is stronger"
"Search Console","Search results","2025-11-26 to 2026-07-14","Page","https://freeaipromptmaker.com/blog/2026-07-13-master-midjourney-color-schemes-prompts","0","7","0%","10,7","","","","","","Per-page organic baseline joined to the URL inventory.","high","Preserve and improve unless a documented same-intent merge is stronger"
"Search Console","Search results","2025-11-26 to 2026-07-14","Page","https://freeaipromptmaker.com/blog","0","6","0%","5","","","","","","Per-page organic baseline joined to the URL inventory.","high","Preserve and improve unless a documented same-intent merge is stronger"
"Search Console","Search results","2025-11-26 to 2026-07-14","Page","https://freeaipromptmaker.com/blog/2026-07-09-master-leonardo-ai-depth-of-field","0","6","0%","8,2","","","","","","Per-page organic baseline joined to the URL inventory.","high","Preserve and improve unless a documented same-intent merge is stronger"
"Search Console","Search results","2025-11-26 to 2026-07-14","Page","https://freeaipromptmaker.com/blog/2026-06-30-master-allegorical-ai-art-prompts-subtext-meaning","0","4","0%","4","","","","","","Per-page organic baseline joined to the URL inventory.","high","Preserve and improve unless a documented same-intent merge is stronger"
"Search Console","Search results","2025-11-26 to 2026-07-14","Page","https://freeaipromptmaker.com/blog/2026-06-27-master-dalle-3-shadows-prompts","0","4","0%","6,5","","","","","","Per-page organic baseline joined to the URL inventory.","high","Preserve and improve unless a documented same-intent merge is stronger"
"Search Console","Search results","2025-11-26 to 2026-07-14","Page","https://freeaipromptmaker.com/blog/2026-07-13-break-down-vision-ai-art-prompts","0","3","0%","5,3","","","","","","Per-page organic baseline joined to the URL inventory.","high","Preserve and improve unless a documented same-intent merge is stronger"
"Search Console","Search results","2025-11-26 to 2026-07-14","Page","https://freeaipromptmaker.com/blog/2026-07-04-natural-language-ai-prompts-guide","0","3","0%","9,3","","","","","","Per-page organic baseline joined to the URL inventory.","high","Preserve and improve unless a documented same-intent merge is stronger"
"Search Console","Search results","2025-11-26 to 2026-07-14","Page","https://freeaipromptmaker.com/opengraph-image?dbedddfcade95d39","0","2","0%","5,5","","","","","","Per-page organic baseline joined to the URL inventory.","high","Preserve and improve unless a documented same-intent merge is stronger"
"Search Console","Search results","2025-11-26 to 2026-07-14","Page","https://freeaipromptmaker.com/blog/2026-06-21-master-midjourney-storytelling-sequences","0","2","0%","9","","","","","","Per-page organic baseline joined to the URL inventory.","high","Preserve and improve unless a documented same-intent merge is stronger"
"Search Console","Search results","2025-11-26 to 2026-07-14","Page","https://freeaipromptmaker.com/blog/2026-02-16-master-ai-art-lenses-prompts-guide#the-basics-of-focal-length-in-ai-prompts-field-of-view-perspective","0","1","0%","1","","","","","","Per-page organic baseline joined to the URL inventory.","high","Preserve and improve unless a documented same-intent merge is stronger"
"Search Console","Search results","2025-11-26 to 2026-07-14","Page","https://freeaipromptmaker.com/blog/2026-02-16-master-ai-art-lenses-prompts-guide#why-specific-camera-lenses-elevate-ai-art","0","1","0%","1","","","","","","Per-page organic baseline joined to the URL inventory.","high","Preserve and improve unless a documented same-intent merge is stronger"
"Search Console","Search results","2025-11-26 to 2026-07-14","Page","https://freeaipromptmaker.com/blog/2025-12-25-ai-prompt-weighting-guide#de-emphasizing-and-subtracting-reducing-the-influence-of-prompt-terms","0","1","0%","11","","","","","","Per-page organic baseline joined to the URL inventory.","high","Preserve and improve unless a documented same-intent merge is stronger"
"Search Console","Search results","2025-11-26 to 2026-07-14","Page","https://freeaipromptmaker.com/blog/2025-12-25-ai-prompt-weighting-guide#emphasizing-elements-making-your-subject-style-or-color-stand-out","0","1","0%","11","","","","","","Per-page organic baseline joined to the URL inventory.","high","Preserve and improve unless a documented same-intent merge is stronger"
"Search Console","Search results","2025-11-26 to 2026-07-14","Page","https://freeaipromptmaker.com/blog/2025-12-25-ai-prompt-weighting-guide#understanding-weighting-syntax-how-to-apply-weights-in-ai-art-generators","0","1","0%","11","","","","","","Per-page organic baseline joined to the URL inventory.","high","Preserve and improve unless a documented same-intent merge is stronger"
"Search Console","Page indexing","Updated 2026-07-10","Property aggregate","Indexed pages","","","","","","","","103 indexed","","Owner-provided indexed/non-indexed order was reversed.","high","Use live report counts"
"Search Console","Page indexing","Updated 2026-07-10","Reason","Discovered - currently not indexed","","","","","","","","119 URLs; validation successful; examples have no last crawl","","Generated corpus is not being crawled at the published scale.","high","Stop auto-publishing and improve architecture/content"
"Search Console","Page indexing","Updated 2026-07-10","Reason","Crawled - currently not indexed","","","","","","","","50 URLs; validation not started","","Direct corroboration of quality/duplication risk; not an automatic delete rule.","high","Review per URL and improve/merge conservatively"
"Search Console","Page indexing","Updated 2026-07-10","Reason","Excluded by noindex","","","","","","","","19 URLs","","Report has not yet discovered all 144 live noindex model/use-case variants.","high","Keep current noindex pending product-use evidence"
"Search Console","Page indexing","Updated 2026-07-10","Reason","Not found (404)","","","","","","","","5 URLs","","Four historical examples now return 200; /flux-pro remains 404.","high","Redirect /flux-pro to the maintained generator directory"
"Search Console","Core Web Vitals","Updated 2026-07-15","Mobile group","35 URLs","","","","","","","LCP group 2.6s; issue is LCP >2.5s; INP issue count 0","","","Shared article template misses good LCP threshold on field data.","high","Prioritize mobile article LCP"
"Search Console","Core Web Vitals","Updated 2026-07-15","Desktop","35 URLs","","","","","","","35 good; 0 need improvement; 0 poor","","","Desktop field baseline is healthy.","high","Preserve desktop performance"
"Search Console","Review snippets","Updated 2026-07-15","Enhancement","35 valid, 0 invalid","","","","","","","","","","Syntax validity does not authenticate the unsupported aggregate rating.","high","Remove unsupported rating schema"
"Search Console","Manual actions","2026-07-16 inspection","Property","No issues detected","","","","","","","","","","No current manual action.","high","Do not request validation"
"Search Console","Security issues","2026-07-16 inspection","Property","No issues detected","","","","","","","","","","No current Search Console security issue.","high","Still patch dependency advisories"
"Search Console","Links","2026-07-16 inspection","Property","External 2784; internal 731","","","","","","","","","","External counts are concentrated on legal pages and raw cloud IP sources; internal links concentrate on global/trust routes.","high","Do not treat these as strong editorial backlinks; rebuild guide clusters"
"GA4","Landing page","2026-04-17 to 2026-07-15","Property aggregate","freeaipromptmaker.com","","","","","118","158","1m 37s average engagement/session; 115 new users; 0 key events","","","Only about one tenth as many sessions as comparable GSC clicks; coverage is severely incomplete.","high","Do not use GA4 low traffic to remove URLs"
"GA4","Traffic acquisition","2026-04-17 to 2026-07-15","Channel","Organic Search","","","","","","101","64 engaged sessions; 63.37% engagement; 1m 22s average; 582 events","","","Largest measured channel but far below Search Console click volume.","high","Treat directionally"
"GA4","Technology details","2026-04-17 to 2026-07-15","Device","mobile","","","","","60","","61.97% engagement; 1m 50s average engagement/user","","","Mobile represents just over half of measured active users.","high","Prioritize mobile UX and CWV"
"GA4","Technology details","2026-04-17 to 2026-07-15","Device","desktop","","","","","57","","63.95% engagement; 2m 32s average engagement/user","","","Desktop measured engagement is stronger.","high","Preserve desktop usability"
"GA4","Landing page","2026-04-17 to 2026-07-15","Landing page","/","","","","","32  (%27,12)","38  (%24,05)","2 dk. 04 sn.","","","Sanitized landing-page sample; coverage is incomplete relative to GSC.","medium","Use only as supporting evidence"
"GA4","Landing page","2026-04-17 to 2026-07-15","Landing page","/blog/2025-11-29-stable-diffusion-negative-prompts-guide","","","","","20  (%16,95)","22  (%13,92)","55 sn","","","Sanitized landing-page sample; coverage is incomplete relative to GSC.","medium","Use only as supporting evidence"
"GA4","Landing page","2026-04-17 to 2026-07-15","Landing page","(not set)","","","","","7  (%5,93)","11  (%6,96)","14 sn","","","Sanitized landing-page sample; coverage is incomplete relative to GSC.","medium","Use only as supporting evidence"
"GA4","Landing page","2026-04-17 to 2026-07-15","Landing page","/blog/2025-11-27-midjourney-v6-complete-prompt-guide","","","","","7  (%5,93)","7  (%4,43)","33 sn","","","Sanitized landing-page sample; coverage is incomplete relative to GSC.","medium","Use only as supporting evidence"
"GA4","Landing page","2026-04-17 to 2026-07-15","Landing page","/blog/2026-02-13-best-stable-diffusion-extensions","","","","","5  (%4,24)","7  (%4,43)","1 dk. 49 sn.","","","Sanitized landing-page sample; coverage is incomplete relative to GSC.","medium","Use only as supporting evidence"
"GA4","Landing page","2026-04-17 to 2026-07-15","Landing page","/blog/2025-11-30-ai-art-styles-guide","","","","","3  (%2,54)","6  (%3,8)","2 dk. 31 sn.","","","Sanitized landing-page sample; coverage is incomplete relative to GSC.","medium","Use only as supporting evidence"
"GA4","Landing page","2026-04-17 to 2026-07-15","Landing page","/blog/2026-02-16-master-ai-art-lenses-prompts-guide","","","","","3  (%2,54)","6  (%3,8)","5 dk. 36 sn.","","","Sanitized landing-page sample; coverage is incomplete relative to GSC.","medium","Use only as supporting evidence"
"GA4","Landing page","2026-04-17 to 2026-07-15","Landing page","/image-to-prompt","","","","","6  (%5,08)","6  (%3,8)","1 dk. 01 sn.","","","Sanitized landing-page sample; coverage is incomplete relative to GSC.","medium","Use only as supporting evidence"
"GA4","Landing page","2026-04-17 to 2026-07-15","Landing page","/blog/2026-01-25-stable-diffusion-wildcards-guide","","","","","1  (%0,85)","5  (%3,16)","4 sn","","","Sanitized landing-page sample; coverage is incomplete relative to GSC.","medium","Use only as supporting evidence"
"GA4","Landing page","2026-04-17 to 2026-07-15","Landing page","/blog/2026-02-24-master-ai-art-weather-time-prompts","","","","","4  (%3,39)","4  (%2,53)","37 sn","","","Sanitized landing-page sample; coverage is incomplete relative to GSC.","medium","Use only as supporting evidence"
"GA4","Landing page","2026-04-17 to 2026-07-15","Landing page","/blog/2026-02-03-master-surreal-ai-art-prompts","","","","","3  (%2,54)","3  (%1,9)","2 dk. 20 sn.","","","Sanitized landing-page sample; coverage is incomplete relative to GSC.","medium","Use only as supporting evidence"
"GA4","Landing page","2026-04-17 to 2026-07-15","Landing page","/prompt-generators","","","","","3  (%2,54)","3  (%1,9)","44 sn","","","Sanitized landing-page sample; coverage is incomplete relative to GSC.","medium","Use only as supporting evidence"
"GA4","Landing page","2026-04-17 to 2026-07-15","Landing page","/blog/2025-12-25-ai-prompt-weighting-guide","","","","","2  (%1,69)","2  (%1,27)","38 sn","","","Sanitized landing-page sample; coverage is incomplete relative to GSC.","medium","Use only as supporting evidence"
"GA4","Landing page","2026-04-17 to 2026-07-15","Landing page","/blog/2026-01-04-stable-diffusion-regional-prompting-guide","","","","","2  (%1,69)","2  (%1,27)","46 sn","","","Sanitized landing-page sample; coverage is incomplete relative to GSC.","medium","Use only as supporting evidence"
"GA4","Landing page","2026-04-17 to 2026-07-15","Landing page","/blog/2026-01-11-dall-e-3-character-development-sheets-storyboards","","","","","1  (%0,85)","2  (%1,27)","1 dk. 20 sn.","","","Sanitized landing-page sample; coverage is incomplete relative to GSC.","medium","Use only as supporting evidence"
"GA4","Landing page","2026-04-17 to 2026-07-15","Landing page","/prompt-generator-for/architecture","","","","","2  (%1,69)","2  (%1,27)","2 dk. 09 sn.","","","Sanitized landing-page sample; coverage is incomplete relative to GSC.","medium","Use only as supporting evidence"
"GA4","Landing page","2026-04-17 to 2026-07-15","Landing page","/blog","","","","","1  (%0,85)","1  (%0,63)","13 dk. 36 sn.","","","Sanitized landing-page sample; coverage is incomplete relative to GSC.","medium","Use only as supporting evidence"
"GA4","Landing page","2026-04-17 to 2026-07-15","Landing page","/blog/2025-11-28-dall-e-3-photorealism-prompt-guide","","","","","1  (%0,85)","1  (%0,63)","3 dk. 06 sn.","","","Sanitized landing-page sample; coverage is incomplete relative to GSC.","medium","Use only as supporting evidence"
"GA4","Landing page","2026-04-17 to 2026-07-15","Landing page","/blog/2025-12-02-midjourney-vs-dalle-3-vs-stable-diffusion","","","","","1  (%0,85)","1  (%0,63)","3 dk. 57 sn.","","","Sanitized landing-page sample; coverage is incomplete relative to GSC.","medium","Use only as supporting evidence"
"GA4","Landing page","2026-04-17 to 2026-07-15","Landing page","/blog/2025-12-05-ai-animation-video-prompts-guide","","","","","1  (%0,85)","1  (%0,63)","26 sn","","","Sanitized landing-page sample; coverage is incomplete relative to GSC.","medium","Use only as supporting evidence"
"GA4","Landing page","2026-04-17 to 2026-07-15","Landing page","/blog/2025-12-05-cyberpunk-ai-art-prompts-collection","","","","","1  (%0,85)","1  (%0,63)","25 sn","","","Sanitized landing-page sample; coverage is incomplete relative to GSC.","medium","Use only as supporting evidence"
"GA4","Landing page","2026-04-17 to 2026-07-15","Landing page","/blog/2026-01-01-master-ai-art-lighting-prompts","","","","","1  (%0,85)","1  (%0,63)","7 sn","","","Sanitized landing-page sample; coverage is incomplete relative to GSC.","medium","Use only as supporting evidence"
"GA4","Landing page","2026-04-17 to 2026-07-15","Landing page","/blog/2026-01-06-master-consistent-characters-leonardo-ai","","","","","1  (%0,85)","1  (%0,63)","1 dk. 00 sn.","","","Sanitized landing-page sample; coverage is incomplete relative to GSC.","medium","Use only as supporting evidence"
"GA4","Landing page","2026-04-17 to 2026-07-15","Landing page","/blog/2026-01-09-ai-art-generator-pricing-midjourney-stable-diffusion-dalle3-costs","","","","","1  (%0,85)","1  (%0,63)","2 sn","","","Sanitized landing-page sample; coverage is incomplete relative to GSC.","medium","Use only as supporting evidence"
"GA4","Landing page","2026-04-17 to 2026-07-15","Landing page","/blog/2026-02-09-master-leonardo-ai-models","","","","","1  (%0,85)","1  (%0,63)","24 sn","","","Sanitized landing-page sample; coverage is incomplete relative to GSC.","medium","Use only as supporting evidence"
"GA4","Landing page","2026-04-17 to 2026-07-15","Landing page","/blog/2026-02-21-dalle-3-negative-prompts-guide","","","","","1  (%0,85)","1  (%0,63)","0 sn","","","Sanitized landing-page sample; coverage is incomplete relative to GSC.","medium","Use only as supporting evidence"
"GA4","Landing page","2026-04-17 to 2026-07-15","Landing page","/blog/2026-02-22-master-leonardo-ai-negative-prompts","","","","","1  (%0,85)","1  (%0,63)","4 sn","","","Sanitized landing-page sample; coverage is incomplete relative to GSC.","medium","Use only as supporting evidence"
"GA4","Landing page","2026-04-17 to 2026-07-15","Landing page","/blog/2026-02-23-master-ai-art-emotion-prompts","","","","","1  (%0,85)","1  (%0,63)","8 dk. 27 sn.","","","Sanitized landing-page sample; coverage is incomplete relative to GSC.","medium","Use only as supporting evidence"
"GA4","Landing page","2026-04-17 to 2026-07-15","Landing page","/blog/2026-03-15-master-historical-ai-art-prompts-recreate-era","","","","","1  (%0,85)","1  (%0,63)","1 dk. 38 sn.","","","Sanitized landing-page sample; coverage is incomplete relative to GSC.","medium","Use only as supporting evidence"
"GA4","Landing page","2026-04-17 to 2026-07-15","Landing page","/blog/2026-03-23-master-vector-ai-art-prompts-scalable-clean-designs","","","","","1  (%0,85)","1  (%0,63)","3 sn","","","Sanitized landing-page sample; coverage is incomplete relative to GSC.","medium","Use only as supporting evidence"
"GA4","Landing page","2026-04-17 to 2026-07-15","Landing page","/blog/2026-04-21-ai-comics-storyboards-sequential-art-guide","","","","","1  (%0,85)","1  (%0,63)","0 sn","","","Sanitized landing-page sample; coverage is incomplete relative to GSC.","medium","Use only as supporting evidence"
"GA4","Landing page","2026-04-17 to 2026-07-15","Landing page","/blog/2026-05-17-master-sdxl-prompting-guide","","","","","1  (%0,85)","1  (%0,63)","2 dk. 10 sn.","","","Sanitized landing-page sample; coverage is incomplete relative to GSC.","medium","Use only as supporting evidence"
"GA4","Landing page","2026-04-17 to 2026-07-15","Landing page","/blog/2026-05-19-leonardo-ai-merchandise-design-guide","","","","","1  (%0,85)","1  (%0,63)","20 sn","","","Sanitized landing-page sample; coverage is incomplete relative to GSC.","medium","Use only as supporting evidence"
"GA4","Landing page","2026-04-17 to 2026-07-15","Landing page","/blog/2026-05-21-ai-prompt-templates-reusable-blueprints","","","","","1  (%0,85)","1  (%0,63)","3 dk. 12 sn.","","","Sanitized landing-page sample; coverage is incomplete relative to GSC.","medium","Use only as supporting evidence"
"GA4","Landing page","2026-04-17 to 2026-07-15","Landing page","/blog/2026-05-29-master-stable-diffusion-model-merging-custom-checkpoints","","","","","1  (%0,85)","1  (%0,63)","5 dk. 13 sn.","","","Sanitized landing-page sample; coverage is incomplete relative to GSC.","medium","Use only as supporting evidence"
"GA4","Landing page","2026-04-17 to 2026-07-15","Landing page","/blog/2026-06-01-master-vaporwave-ai-art-prompts","","","","","1  (%0,85)","1  (%0,63)","1 dk. 02 sn.","","","Sanitized landing-page sample; coverage is incomplete relative to GSC.","medium","Use only as supporting evidence"
"GA4","Landing page","2026-04-17 to 2026-07-15","Landing page","/blog/2026-06-06-stable-diffusion-low-vram-guide-optimize-performance","","","","","1  (%0,85)","1  (%0,63)","28 sn","","","Sanitized landing-page sample; coverage is incomplete relative to GSC.","medium","Use only as supporting evidence"
"GA4","Landing page","2026-04-17 to 2026-07-15","Landing page","/blog/2026-06-19-ai-art-workflow-tools-comparison-midjourney-sd-dalle-leonardo","","","","","1  (%0,85)","1  (%0,63)","3 dk. 11 sn.","","","Sanitized landing-page sample; coverage is incomplete relative to GSC.","medium","Use only as supporting evidence"
"GA4","Landing page","2026-04-17 to 2026-07-15","Landing page","/blog/2026-07-10-master-tattoo-style-ai-art-prompts","","","","","1  (%0,85)","1  (%0,63)","0 sn","","","Sanitized landing-page sample; coverage is incomplete relative to GSC.","medium","Use only as supporting evidence"
"GA4","Landing page","2026-04-17 to 2026-07-15","Landing page","/blog/2026-07-11-ai-art-special-effects-midjourney-sd-dall-e3-comparison","","","","","1  (%0,85)","1  (%0,63)","0 sn","","","Sanitized landing-page sample; coverage is incomplete relative to GSC.","medium","Use only as supporting evidence"
"GA4","Landing page","2026-04-17 to 2026-07-15","Landing page","/blog/2026-07-13-master-midjourney-color-schemes-prompts","","","","","1  (%0,85)","1  (%0,63)","1 dk. 06 sn.","","","Sanitized landing-page sample; coverage is incomplete relative to GSC.","medium","Use only as supporting evidence"
"GA4","Landing page","2026-04-17 to 2026-07-15","Landing page","/midjourney-v7/prompt-generator-for/fashion-editorial","","","","","1  (%0,85)","1  (%0,63)","3 dk. 54 sn.","","","Sanitized landing-page sample; coverage is incomplete relative to GSC.","medium","Use only as supporting evidence"
"GA4","Landing page","2026-04-17 to 2026-07-15","Landing page","/prompt-generator-for/anime","","","","","1  (%0,85)","1  (%0,63)","17 sn","","","Sanitized landing-page sample; coverage is incomplete relative to GSC.","medium","Use only as supporting evidence"
"GA4","Landing page","2026-04-17 to 2026-07-15","Landing page","/prompt-generator-for/cinematic-portraits","","","","","1  (%0,85)","1  (%0,63)","55 sn","","","Sanitized landing-page sample; coverage is incomplete relative to GSC.","medium","Use only as supporting evidence"
"GA4","Landing page","2026-04-17 to 2026-07-15","Landing page","/prompt-generator-for/fantasy-scenes","","","","","1  (%0,85)","1  (%0,63)","6 dk. 17 sn.","","","Sanitized landing-page sample; coverage is incomplete relative to GSC.","medium","Use only as supporting evidence"
"GA4","Landing page","2026-04-17 to 2026-07-15","Landing page","/prompt-generator-for/pixel-art","","","","","1  (%0,85)","1  (%0,63)","7 sn","","","Sanitized landing-page sample; coverage is incomplete relative to GSC.","medium","Use only as supporting evidence"
"GA4","Landing page","2026-04-17 to 2026-07-15","Landing page","/prompt-generator-for/youtube-thumbnails","","","","","1  (%0,85)","1  (%0,63)","56 sn","","","Sanitized landing-page sample; coverage is incomplete relative to GSC.","medium","Use only as supporting evidence"
"GA4","Landing page","2026-04-17 to 2026-07-15","Landing page","/stable-diffusion/prompt-generator-for/cinematic-portraits","","","","","1  (%0,85)","1  (%0,63)","39 sn","","","Sanitized landing-page sample; coverage is incomplete relative to GSC.","medium","Use only as supporting evidence"
"GA4","Events","2026-04-17 to 2026-07-15","Event inventory","1,110 events","","","","","118","","423 page_view; 260 scroll_depth; 157 session_start; no generator/copy/image success events; 0 key events","","","Product success is not measurable in the current event model.","high","Add consent-aware product outcome events"
"AdSense","Sites","Last updated 2026-03-04","Site","freeaipromptmaker.com","","","","","","","","","Action required; site not ready; Low value content","Exact rejection confirms the low-value/scaled-content risk.","high","Do not request review until rebuild and observation period"
"AdSense","Site detail","Last updated 2026-03-04","ads.txt","freeaipromptmaker.com","","","","","","","","","Not found in account","Public audit now retrieves ads.txt at HTTP 200; account state is stale.","high","Verify in a future authorized review; do not edit account now"
"AdSense","Policy center","2026-07-16 inspection","Account","No ad-serving policy issue","","","","","","","","","No issue stopping or limiting ad serving","This does not clear the separate site-approval rejection.","high","Keep statuses distinct"
"AdSense","Reports","2026-07-16 inspection","Entire account","All metrics zero","","","","","","","","","0 page views; 0 impressions; 0 clicks; zero earnings","No monetization coverage or placement evidence exists.","high","Design ad placements conservatively after approval readiness"
"AdSense","Privacy and messaging","2026-07-16 inspection","European regulations","Target site","","","","","","","","","No published message for freeaipromptmaker.com","The one active account message belongs to another site.","high","Do not claim the custom banner is a certified CMP; configure target separately only with authorization"
